rsid,chromosome,position,genotype
rs17817449,16,53813367,GT
rs1800012,17,48264862,CT
rs1800071,17,48267940,AG
rs1800247,17,48269986,CT
rs1799945,6,26093141,CG
rs1800562,6,26093210,AG
rs1800730,6,26091179,CT
rs2858996,6,26090951,AG
rs187238,9,117713024,AG
rs1946518,9,117711331,CT
rs2043211,9,117707542,AT
rs10830963,11,92708710,CT
rs1387153,11,92597747,CT
rs780094,2,27741237,CT
rs1260326,2,27741218,CT
rs58542926,19,19268718,CT
rs738409,22,44324727,CG
rs2896019,22,44330378,AG
rs4240624,22,44302892,AT
rs1044498,6,131851228,CT
rs2272903,6,131870358,AG
rs2230806,9,107545895,CT
rs2066827,9,107580664,CT
rs4149056,12,21178615,CT
rs2306283,12,21331549,AG
rs4149015,12,21239407,AG
rs1128503,7,87550285,CT
rs2032582,7,87551196,GT
rs1045642,7,87509329,AG
rs3213619,16,89279832,AG
rs1801028,16,89271984,CT
rs3745274,19,15879621,CT
rs4986893,10,96521657,AG
rs4244285,10,96522463,AG
rs776746,7,99270407,CT
rs2740574,7,99270232,AG
rs10264272,7,99270596,CT
rs28371725,2,234668879,CT
rs3892097,22,42524435,AG
rs5030867,22,42522613,AG
rs5030865,22,42519600,AG
rs1799853,10,94942290,CT
rs1057910,10,94981296,AC
rs1799929,10,94942669,CT
rs1801159,3,14612609,CT
rs1801158,3,14611827,AG
rs1801160,3,14613127,CT
rs234706,21,40735492,AG
rs1801198,3,11714418,CT
rs2576178,3,11737893,AG
